<?xml version="1.0" encoding="UTF-8"?>
<application xmlns="http://java.sun.com/xml/ns/javaee"
xmlns:xsi="http://www.w3.org/2001/XMLSchema-instance" version="6"
xsi:schemaLocation="http://java.sun.com/xml/ns/javaee http://java.sun.com/xml/ns/javaee/application_6.xsd">
 
  <display-name>Application pfe</display-name>
  	<module><ejb>pfeprojetEntites.jar</ejb></module>
	<module><ejb>pfeprojetSessions.jar</ejb></module>
	<module><web>
	<web-uri>pfeprojet.war</web-uri>
	<context-root>pfeprojet</context-root>
	</web></module>
	<module><java>itextpdf-5.1.0.jar</java></module>
</application>